<?xml version="1.0" encoding="UTF-8"?>
<project-private xmlns="http://www.netbeans.org/ns/project-private/1">
    <editor-bookmarks xmlns="http://www.netbeans.org/ns/editor-bookmarks/2" lastBookmarkId="0"/>
    <open-files xmlns="http://www.netbeans.org/ns/projectui-open-files/2">
        <group>
            <file>file:/C:/Users/Sam%20Colwill/Documents/NetBeansProjects/CW_ESD-Jake_Branch_Sam/web/SignUp.jsp</file>
            <file>file:/C:/Users/Sam%20Colwill/Documents/NetBeansProjects/CW_ESD-Jake_Branch_Sam/web/RequestPrescription.jsp</file>
            <file>file:/C:/Users/Sam%20Colwill/Documents/NetBeansProjects/CW_ESD-Jake_Branch_Sam/web/ChangeConsultationCost.jsp</file>
            <file>file:/C:/Users/Sam%20Colwill/Documents/NetBeansProjects/CW_ESD-Jake_Branch_Sam/src/java/servlets/ChangeConsultationCostServlet.java</file>
            <file>file:/C:/Users/Sam%20Colwill/Documents/NetBeansProjects/CW_ESD-Jake_Branch_Sam/src/java/servlets/SignUpServlet.java</file>
        </group>
    </open-files>
</project-private>
